{"posts":{"items":[{"id":"9","fileName":"art-as-an-investment.html","name":"art-as-an-investment","publicUrl":"np://user.desktop.nicepage.com/Site_96514320/blog/art-as-an-investment.html","size":3519,"title":"Art as an Investment","created":1732237221186,"updated":1732238276859,"featured":"-OIn1FGIKm0QUcz8Yj6U7.png","excerpt":"Commissioned art can appreciate in value over time, making it both a personal treasure and a potential investment. Original art, including commissioned pieces, can appreciate in value over time, especially if the artist gains recognition.  While this shou..."},{"id":"4","fileName":"budgeting-for-your-commission.html","name":"budgeting-for-your-commission","publicUrl":"np://user.desktop.nicepage.com/Site_96514320/blog/budgeting-for-your-commission.html","size":3537,"title":"Budgeting for Your Commission","created":1732237218068,"updated":1732238280513,"featured":"gIGDTVhXehBK-C94TLef5.png","excerpt":"Discuss your budget openly with the artist to ensure your commission is affordable and meets your expectations. Commissioned art and tattoos are investments.  Be upfront about your budget from the start.  Artists will work with you to create something ama..."},{"id":"3","fileName":"clear-communication-is-key.html","name":"clear-communication-is-key","publicUrl":"np://user.desktop.nicepage.com/Site_96514320/blog/clear-communication-is-key.html","size":3542,"title":"Clear Communication is Key","created":1732237217530,"updated":1732238283694,"featured":"lk0bPI1PLNJR4igDbzwcz.png","excerpt":"Clearly conveying your vision and preferences ensures the artist can create the artwork you desire. Clear communication is essential for a successful art commission.  Provide your artist with detailed references, explain your vision clearly, and be open t..."},{"id":"2","fileName":"finding-the-right-artist.html","name":"finding-the-right-artist","publicUrl":"np://user.desktop.nicepage.com/Site_96514320/blog/finding-the-right-artist.html","size":3624,"title":"Finding the Right Artist","created":1732237216973,"updated":1732238288311,"featured":"freepik__modern-style-detailled-illustration-abstract-line-__49685.jpeg","excerpt":"Research and communication are key to finding an artist whose style and personality are a good fit for your commission. When commissioning art, finding the right artist is crucial. Look for someone whose style aligns with your vision. Browse their portfol..."},{"id":"8","fileName":"tattoo-aftercare-keeping-your-ink-vibrant.html","name":"tattoo-aftercare-keeping-your-ink-vibrant","publicUrl":"np://user.desktop.nicepage.com/Site_96514320/blog/tattoo-aftercare-keeping-your-ink-vibrant.html","size":3414,"title":"Tattoo Aftercare: Keeping Your Ink Vibrant","created":1732237220452,"updated":1732238292067,"featured":"freepik__modern-style-detailled-illustration-minimalistic-l__49682.jpeg","excerpt":"Proper aftercare is crucial for maintaining the beauty and longevity of your tattoo. Proper aftercare is essential for preserving the vibrancy and longevity of your tattoo. Follow your artist's aftercare instructions meticulously. This usually involves ke..."},{"id":"6","fileName":"tattoos-a-living-canvas.html","name":"tattoos-a-living-canvas","publicUrl":"np://user.desktop.nicepage.com/Site_96514320/blog/tattoos-a-living-canvas.html","size":3504,"title":"Tattoos: A Living Canvas","created":1732237219374,"updated":1732238295741,"featured":"freepik__modern-style-detailled-illustration-abstract-line-__49687.jpeg","excerpt":"Tattoos are a unique art form where your body becomes the canvas for a personal and permanent masterpiece. Tattoos are a unique form of commissioned art. Your body becomes the canvas, and the artwork becomes a part of you. When commissioning a tattoo, it'..."},{"id":"10","fileName":"the-collaborative-spirit.html","name":"the-collaborative-spirit","publicUrl":"np://user.desktop.nicepage.com/Site_96514320/blog/the-collaborative-spirit.html","size":3459,"title":"The Collaborative Spirit","created":1732237221879,"updated":1732238300090,"featured":"freepik__modern-style-detailled-illustration-stylized-line-__49683.jpeg","excerpt":"Embrace the collaborative nature of commissioning art and enjoy the creative journey with your chosen artist. Commissioning art is a collaborative process. Embrace the creative journey with your artist.  Share your ideas, listen to their suggestions, and ..."},{"id":"5","fileName":"the-joy-of-owning-original-art.html","name":"the-joy-of-owning-original-art","publicUrl":"np://user.desktop.nicepage.com/Site_96514320/blog/the-joy-of-owning-original-art.html","size":3560,"title":"The Joy of Owning Original Art","created":1732237218789,"updated":1732238303722,"featured":"freepik__modern-style-detailled-illustration-intricate-line__49679.jpeg","excerpt":"Owning original art, especially a commissioned piece, brings a unique sense of joy and personal connection. There's a unique joy in owning an original piece of art, especially one you've commissioned. It's a tangible representation of your personal taste ..."},{"id":"7","fileName":"think-before-you-ink-tattoo-placement.html","name":"think-before-you-ink-tattoo-placement","publicUrl":"np://user.desktop.nicepage.com/Site_96514320/blog/think-before-you-ink-tattoo-placement.html","size":3451,"title":"Think Before You Ink: Tattoo Placement","created":1732237219901,"updated":1732238306993,"featured":"freepik__modern-style-detailled-illustration-detailed-line-__49678.jpeg","excerpt":"Carefully consider the placement of your tattoo, taking into account visibility, pain, and aging. Consider the placement of your tattoo carefully. Think about visibility, pain tolerance, and how the tattoo might age over time.  Discuss placement options w..."},{"id":"1","fileName":"why-commissioned-art-is-special.html","name":"why-commissioned-art-is-special","publicUrl":"np://user.desktop.nicepage.com/Site_96514320/blog/why-commissioned-art-is-special.html","size":3587,"title":"Why Commissioned Art is Special","created":1732237213185,"updated":1732238310832,"featured":"freepik__modern-style-detailled-illustration-flowing-line-a__49684.jpeg","excerpt":"Commissioned art offers a unique opportunity to own a personalized piece that truly reflects your individual style. Commissioning a piece of art, whether it's a painting or a tattoo, is a uniquely personal experience. You're not just buying something off ..."}]}}