[{"id":"user-image-photo-1557769495-945001929053.jpeg","publicUrl":"np://user.desktop.nicepage.com/Site_96514320/images/photo-1557769495-945001929053.jpeg","size":293441,"hash":"unQDIDzvy1Td33osKt1jNTF89OQ=","fileName":"photo-1557769495-945001929053.jpeg","name":"photo-1557769495-945001929053","width":1080,"height":1620,"thumbnail":{"url":"np://user.desktop.nicepage.com/Site_96514320/images/thumbnails/photo-1557769495-945001929053.jpeg","width":167,"height":250},"folderId":null,"originalUrl":"https://images.unsplash.com/photo-1557769495-945001929053?crop=entropy&cs=tinysrgb&fit=max&fm=jpg&ixid=M3w1NzgzNjl8MHwxfGNvbGxlY3Rpb258NnwtMGphemZPNS1Xa3x8fHx8Mnx8MTczMjU4MDc3N3w&ixlib=rb-4.0.3&q=80&w=1080","usages":["351516921"]},{"id":"user-image-freepik__modern-style-detailled-illustration-detailed-line-__49678.jpeg","publicUrl":"np://user.desktop.nicepage.com/Site_96514320/images/freepik__modern-style-detailled-illustration-detailed-line-__49678.jpeg","size":145039,"hash":"Z5GuUpSWEUI4gOwT1kWV1SIlxXE=","fileName":"freepik__modern-style-detailled-illustration-detailed-line-__49678.jpeg","name":"freepik__modern-style-detailled-illustration-detailed-line-__49678","width":896,"height":1152,"thumbnail":{"url":"np://user.desktop.nicepage.com/Site_96514320/images/thumbnails/freepik__modern-style-detailled-illustration-detailed-line-__49678.jpeg","width":194,"height":250},"folderId":null,"usages":[]},{"id":"user-image-freepik__modern-style-detailled-illustration-intricate-line__49679.jpeg","publicUrl":"np://user.desktop.nicepage.com/Site_96514320/images/freepik__modern-style-detailled-illustration-intricate-line__49679.jpeg","size":199887,"hash":"By4SWtY+eHSEHEhtZC3+cjVykw0=","fileName":"freepik__modern-style-detailled-illustration-intricate-line__49679.jpeg","name":"freepik__modern-style-detailled-illustration-intricate-line__49679","width":896,"height":1152,"thumbnail":{"url":"np://user.desktop.nicepage.com/Site_96514320/images/thumbnails/freepik__modern-style-detailled-illustration-intricate-line__49679.jpeg","width":194,"height":250},"folderId":null,"usages":[]},{"id":"user-image-freepik__modern-style-detailled-illustration-stylized-line-__49683.jpeg","publicUrl":"np://user.desktop.nicepage.com/Site_96514320/images/freepik__modern-style-detailled-illustration-stylized-line-__49683.jpeg","size":179478,"hash":"Cy29KEX4EgNshK97RkF4IYBc05I=","fileName":"freepik__modern-style-detailled-illustration-stylized-line-__49683.jpeg","name":"freepik__modern-style-detailled-illustration-stylized-line-__49683","width":896,"height":1152,"thumbnail":{"url":"np://user.desktop.nicepage.com/Site_96514320/images/thumbnails/freepik__modern-style-detailled-illustration-stylized-line-__49683.jpeg","width":194,"height":250},"folderId":null,"usages":[]},{"id":"user-image-freepik__modern-style-detailled-illustration-flowing-line-a__49684.jpeg","publicUrl":"np://user.desktop.nicepage.com/Site_96514320/images/freepik__modern-style-detailled-illustration-flowing-line-a__49684.jpeg","size":131215,"hash":"hMI4dA5zZTy4dy7ZK3tgFKWhENk=","fileName":"freepik__modern-style-detailled-illustration-flowing-line-a__49684.jpeg","name":"freepik__modern-style-detailled-illustration-flowing-line-a__49684","width":896,"height":1152,"thumbnail":{"url":"np://user.desktop.nicepage.com/Site_96514320/images/thumbnails/freepik__modern-style-detailled-illustration-flowing-line-a__49684.jpeg","width":194,"height":250},"folderId":null,"usages":[]},{"id":"user-image-freepik__modern-style-detailled-illustration-abstract-line-__49687.jpeg","publicUrl":"np://user.desktop.nicepage.com/Site_96514320/images/freepik__modern-style-detailled-illustration-abstract-line-__49687.jpeg","size":150811,"hash":"fdwohNU7klIL9qFKhSEWvjbL2Lg=","fileName":"freepik__modern-style-detailled-illustration-abstract-line-__49687.jpeg","name":"freepik__modern-style-detailled-illustration-abstract-line-__49687","width":896,"height":1152,"thumbnail":{"url":"np://user.desktop.nicepage.com/Site_96514320/images/thumbnails/freepik__modern-style-detailled-illustration-abstract-line-__49687.jpeg","width":194,"height":250},"folderId":null,"usages":[]},{"id":"user-image-freepik__modern-style-detailled-illustration-minimalistic-l__49682.jpeg","publicUrl":"np://user.desktop.nicepage.com/Site_96514320/images/freepik__modern-style-detailled-illustration-minimalistic-l__49682.jpeg","size":122514,"hash":"KiWTGhoqq74LBSGRENsge2CBeTA=","fileName":"freepik__modern-style-detailled-illustration-minimalistic-l__49682.jpeg","name":"freepik__modern-style-detailled-illustration-minimalistic-l__49682","width":896,"height":1152,"thumbnail":{"url":"np://user.desktop.nicepage.com/Site_96514320/images/thumbnails/freepik__modern-style-detailled-illustration-minimalistic-l__49682.jpeg","width":194,"height":250},"folderId":null,"usages":[]},{"id":"user-image-freepik__modern-style-detailled-illustration-abstract-line-__49685.jpeg","publicUrl":"np://user.desktop.nicepage.com/Site_96514320/images/freepik__modern-style-detailled-illustration-abstract-line-__49685.jpeg","size":104793,"hash":"0Jetf17PQrmAfaR1dYs5xLAaPHA=","fileName":"freepik__modern-style-detailled-illustration-abstract-line-__49685.jpeg","name":"freepik__modern-style-detailled-illustration-abstract-line-__49685","width":896,"height":1152,"thumbnail":{"url":"np://user.desktop.nicepage.com/Site_96514320/images/thumbnails/freepik__modern-style-detailled-illustration-abstract-line-__49685.jpeg","width":194,"height":250},"folderId":null,"usages":[]},{"id":"user-image--OIn1FGIKm0QUcz8Yj6U7.png","publicUrl":"np://user.desktop.nicepage.com/Site_96514320/images/-OIn1FGIKm0QUcz8Yj6U7.png","size":823885,"hash":"2T0XTeyFdJCbb9VEjjvkbr5tWOU=","fileName":"-OIn1FGIKm0QUcz8Yj6U7.png","name":"-OIn1FGIKm0QUcz8Yj6U7","width":1024,"height":768,"thumbnail":{"url":"np://user.desktop.nicepage.com/Site_96514320/images/thumbnails/-OIn1FGIKm0QUcz8Yj6U7.png","width":250,"height":188},"folderId":null,"usages":["892616763"]},{"id":"user-image-gIGDTVhXehBK-C94TLef5.png","publicUrl":"np://user.desktop.nicepage.com/Site_96514320/images/gIGDTVhXehBK-C94TLef5.png","size":966427,"hash":"AFx2NA/WDfRNHrUy7IKqeUYp7nk=","fileName":"gIGDTVhXehBK-C94TLef5.png","name":"gIGDTVhXehBK-C94TLef5","width":1024,"height":768,"thumbnail":{"url":"np://user.desktop.nicepage.com/Site_96514320/images/thumbnails/gIGDTVhXehBK-C94TLef5.png","width":250,"height":188},"folderId":null,"usages":[]},{"id":"user-image-lk0bPI1PLNJR4igDbzwcz.png","publicUrl":"np://user.desktop.nicepage.com/Site_96514320/images/lk0bPI1PLNJR4igDbzwcz.png","size":981569,"hash":"AqK9ajBv3dXmkytOJNoynhH4Pck=","fileName":"lk0bPI1PLNJR4igDbzwcz.png","name":"lk0bPI1PLNJR4igDbzwcz","width":1024,"height":768,"thumbnail":{"url":"np://user.desktop.nicepage.com/Site_96514320/images/thumbnails/lk0bPI1PLNJR4igDbzwcz.png","width":250,"height":188},"folderId":null,"usages":[]},{"id":"user-image-untitled_by_1012630_dc54nym-414w-2x.jpg","publicUrl":"np://user.desktop.nicepage.com/Site_96514320/images/untitled_by_1012630_dc54nym-414w-2x.jpg","size":233133,"hash":"v6q49QXifq4igB+YX1IurSG7lJ8=","fileName":"untitled_by_1012630_dc54nym-414w-2x.jpg","name":"untitled_by_1012630_dc54nym-414w-2x","width":828,"height":1472,"thumbnail":{"url":"np://user.desktop.nicepage.com/Site_96514320/images/thumbnails/untitled_by_1012630_dc54nym-414w-2x.jpg","width":141,"height":250},"folderId":null,"usages":["139390119"]},{"id":"user-image-venom_and_parker__bff_by_1012630_dg5r91z-375w-2x.jpg","publicUrl":"np://user.desktop.nicepage.com/Site_96514320/images/venom_and_parker__bff_by_1012630_dg5r91z-375w-2x.jpg","size":183609,"hash":"mvk8ZAB9eCjyF0wJQYbj8mbjzCg=","fileName":"venom_and_parker__bff_by_1012630_dg5r91z-375w-2x.jpg","name":"venom_and_parker__bff_by_1012630_dg5r91z-375w-2x","width":720,"height":1600,"thumbnail":{"url":"np://user.desktop.nicepage.com/Site_96514320/images/thumbnails/venom_and_parker__bff_by_1012630_dg5r91z-375w-2x.jpg","width":113,"height":250},"folderId":null,"usages":["139390119"]},{"id":"user-image-seafood_anyone__by_1012630_dfzl1hc-pre.jpg","publicUrl":"np://user.desktop.nicepage.com/Site_96514320/images/seafood_anyone__by_1012630_dfzl1hc-pre.jpg","size":99397,"hash":"GIUpn5kIKxI6uoz/aoEyW/WF+Eg=","fileName":"seafood_anyone__by_1012630_dfzl1hc-pre.jpg","name":"seafood_anyone__by_1012630_dfzl1hc-pre","width":1032,"height":774,"thumbnail":{"url":"np://user.desktop.nicepage.com/Site_96514320/images/thumbnails/seafood_anyone__by_1012630_dfzl1hc-pre.jpg","width":250,"height":188},"folderId":null,"usages":["139390119"]},{"id":"user-image-untitled_by_1012630_dc54qcb-414w-2x.jpg","publicUrl":"np://user.desktop.nicepage.com/Site_96514320/images/untitled_by_1012630_dc54qcb-414w-2x.jpg","size":205102,"hash":"+Zv3eOQUqs4qTkFHc7W+NfRUrBI=","fileName":"untitled_by_1012630_dc54qcb-414w-2x.jpg","name":"untitled_by_1012630_dc54qcb-414w-2x","width":828,"height":1472,"thumbnail":{"url":"np://user.desktop.nicepage.com/Site_96514320/images/thumbnails/untitled_by_1012630_dc54qcb-414w-2x.jpg","width":141,"height":250},"folderId":null,"usages":["139390119"]},{"id":"user-image-tapia_kitt_055_by_1012630_dc54je5-414w-2x.jpg","publicUrl":"np://user.desktop.nicepage.com/Site_96514320/images/tapia_kitt_055_by_1012630_dc54je5-414w-2x.jpg","size":238991,"hash":"9Bd0IXKuDr8O12dQKKoSt+DtBAI=","fileName":"tapia_kitt_055_by_1012630_dc54je5-414w-2x.jpg","name":"tapia_kitt_055_by_1012630_dc54je5-414w-2x","width":827,"height":1672,"thumbnail":{"url":"np://user.desktop.nicepage.com/Site_96514320/images/thumbnails/tapia_kitt_055_by_1012630_dc54je5-414w-2x.jpg","width":124,"height":250},"folderId":null,"usages":["139390119"]},{"id":"user-image-sonic_the_hedge_hog__sanic_by_1012630_dd9sz72-414w-2x.jpg","publicUrl":"np://user.desktop.nicepage.com/Site_96514320/images/sonic_the_hedge_hog__sanic_by_1012630_dd9sz72-414w-2x.jpg","size":177009,"hash":"wIG6Cr0hgNbITjW9hhD7mjUqoKo=","fileName":"sonic_the_hedge_hog__sanic_by_1012630_dd9sz72-414w-2x.jpg","name":"sonic_the_hedge_hog__sanic_by_1012630_dd9sz72-414w-2x","width":828,"height":1104,"thumbnail":{"url":"np://user.desktop.nicepage.com/Site_96514320/images/thumbnails/sonic_the_hedge_hog__sanic_by_1012630_dd9sz72-414w-2x.jpg","width":188,"height":250},"folderId":null,"usages":["139390119"]},{"id":"user-image-splitting_headache__by_1012630_dg0aneh-375w-2x.jpg","publicUrl":"np://user.desktop.nicepage.com/Site_96514320/images/splitting_headache__by_1012630_dg0aneh-375w-2x.jpg","size":193894,"hash":"2e1BbZKcBJdd3oe6pfGh8dLGnew=","fileName":"splitting_headache__by_1012630_dg0aneh-375w-2x.jpg","name":"splitting_headache__by_1012630_dg0aneh-375w-2x","width":670,"height":1191,"thumbnail":{"url":"np://user.desktop.nicepage.com/Site_96514320/images/thumbnails/splitting_headache__by_1012630_dg0aneh-375w-2x.jpg","width":141,"height":250},"folderId":null,"usages":["139390119"]},{"id":"user-image-miraculousness_ladybug_and_cat_simp_to_the_rescue_by_1012630_dilj9jk-414w-2x.jpg","publicUrl":"np://user.desktop.nicepage.com/Site_96514320/images/miraculousness_ladybug_and_cat_simp_to_the_rescue_by_1012630_dilj9jk-414w-2x.jpg","size":126390,"hash":"Goq3pVxjhSTmUu9W3k2mfIRipaU=","fileName":"miraculousness_ladybug_and_cat_simp_to_the_rescue_by_1012630_dilj9jk-414w-2x.jpg","name":"miraculousness_ladybug_and_cat_simp_to_the_rescue_by_1012630_dilj9jk-414w-2x","width":828,"height":1104,"thumbnail":{"url":"np://user.desktop.nicepage.com/Site_96514320/images/thumbnails/miraculousness_ladybug_and_cat_simp_to_the_rescue_by_1012630_dilj9jk-414w-2x.jpg","width":188,"height":250},"folderId":null,"usages":["139390119"]},{"id":"user-image-frag_fest_quake_by_1012630_dcvxmz6-414w-2x.jpg","publicUrl":"np://user.desktop.nicepage.com/Site_96514320/images/frag_fest_quake_by_1012630_dcvxmz6-414w-2x.jpg","size":150474,"hash":"qPXkeAAaQHxP2lDQ8fHNUZi19Mw=","fileName":"frag_fest_quake_by_1012630_dcvxmz6-414w-2x.jpg","name":"frag_fest_quake_by_1012630_dcvxmz6-414w-2x","width":828,"height":1104,"thumbnail":{"url":"np://user.desktop.nicepage.com/Site_96514320/images/thumbnails/frag_fest_quake_by_1012630_dcvxmz6-414w-2x.jpg","width":188,"height":250},"folderId":null,"usages":["139390119"]},{"id":"user-image-godzilla_rage__by_1012630_dfwldtx-414w-2x.jpg","publicUrl":"np://user.desktop.nicepage.com/Site_96514320/images/godzilla_rage__by_1012630_dfwldtx-414w-2x.jpg","size":138994,"hash":"vZ7UjOGlpBd9eq47v8OjCQ0o28g=","fileName":"godzilla_rage__by_1012630_dfwldtx-414w-2x.jpg","name":"godzilla_rage__by_1012630_dfwldtx-414w-2x","width":828,"height":1104,"thumbnail":{"url":"np://user.desktop.nicepage.com/Site_96514320/images/thumbnails/godzilla_rage__by_1012630_dfwldtx-414w-2x.jpg","width":188,"height":250},"folderId":null,"usages":["139390119"]},{"id":"user-image-dungeons_and_dragons_and_______by_1012630_dfwle0v-414w-2x.jpg","publicUrl":"np://user.desktop.nicepage.com/Site_96514320/images/dungeons_and_dragons_and_______by_1012630_dfwle0v-414w-2x.jpg","size":178466,"hash":"SOrnBxXKH0RIzaXzmxI32X9Pshk=","fileName":"dungeons_and_dragons_and_______by_1012630_dfwle0v-414w-2x.jpg","name":"dungeons_and_dragons_and_______by_1012630_dfwle0v-414w-2x","width":780,"height":1040,"thumbnail":{"url":"np://user.desktop.nicepage.com/Site_96514320/images/thumbnails/dungeons_and_dragons_and_______by_1012630_dfwle0v-414w-2x.jpg","width":188,"height":250},"folderId":null,"usages":["139390119"]},{"id":"user-image-club_cybertron__by_1012630_dilafq3-414w-2x.jpg","publicUrl":"np://user.desktop.nicepage.com/Site_96514320/images/club_cybertron__by_1012630_dilafq3-414w-2x.jpg","size":149095,"hash":"Sqbxry1GmrONpNF1BAgykNRKWRY=","fileName":"club_cybertron__by_1012630_dilafq3-414w-2x.jpg","name":"club_cybertron__by_1012630_dilafq3-414w-2x","width":828,"height":1104,"thumbnail":{"url":"np://user.desktop.nicepage.com/Site_96514320/images/thumbnails/club_cybertron__by_1012630_dilafq3-414w-2x.jpg","width":188,"height":250},"folderId":null,"usages":["139390119"]},{"id":"user-image-eddie_and_parker___bff_s_by_1012630_dilhou6-414w-2x.jpg","publicUrl":"np://user.desktop.nicepage.com/Site_96514320/images/eddie_and_parker___bff_s_by_1012630_dilhou6-414w-2x.jpg","size":174015,"hash":"06PXXINc2SBXWUNpnrDFBnQxIK0=","fileName":"eddie_and_parker___bff_s_by_1012630_dilhou6-414w-2x.jpg","name":"eddie_and_parker___bff_s_by_1012630_dilhou6-414w-2x","width":828,"height":1104,"thumbnail":{"url":"np://user.desktop.nicepage.com/Site_96514320/images/thumbnails/eddie_and_parker___bff_s_by_1012630_dilhou6-414w-2x.jpg","width":188,"height":250},"folderId":null,"usages":["139390119"]},{"id":"user-image-daniel_tiger_all_grow_up__by_1012630_dilaggz-414w-2x.jpg","publicUrl":"np://user.desktop.nicepage.com/Site_96514320/images/daniel_tiger_all_grow_up__by_1012630_dilaggz-414w-2x.jpg","size":143230,"hash":"N4JOzW0oPfG22W4FYUCQ06As7G4=","fileName":"daniel_tiger_all_grow_up__by_1012630_dilaggz-414w-2x.jpg","name":"daniel_tiger_all_grow_up__by_1012630_dilaggz-414w-2x","width":828,"height":1104,"thumbnail":{"url":"np://user.desktop.nicepage.com/Site_96514320/images/thumbnails/daniel_tiger_all_grow_up__by_1012630_dilaggz-414w-2x.jpg","width":188,"height":250},"folderId":null,"usages":["139390119"]},{"id":"user-image-lady_big_bug_by_1012630_dfyli29-414w-2x.jpg","publicUrl":"np://user.desktop.nicepage.com/Site_96514320/images/lady_big_bug_by_1012630_dfyli29-414w-2x.jpg","size":71725,"hash":"fwxQ3QumL3wUUB/S85b1RNiFrLs=","fileName":"lady_big_bug_by_1012630_dfyli29-414w-2x.jpg","name":"lady_big_bug_by_1012630_dfyli29-414w-2x","width":780,"height":1040,"thumbnail":{"url":"np://user.desktop.nicepage.com/Site_96514320/images/thumbnails/lady_big_bug_by_1012630_dfyli29-414w-2x.jpg","width":188,"height":250},"folderId":null,"usages":["139390119"]},{"id":"user-image-doom_guy_gets_nerfed_by_1012630_dg0aonu-pre.jpg","publicUrl":"np://user.desktop.nicepage.com/Site_96514320/images/doom_guy_gets_nerfed_by_1012630_dg0aonu-pre.jpg","size":161870,"hash":"/zIJLTwJuAhLzKpfPx0kgIVWv08=","fileName":"doom_guy_gets_nerfed_by_1012630_dg0aonu-pre.jpg","name":"doom_guy_gets_nerfed_by_1012630_dg0aonu-pre","width":859,"height":931,"thumbnail":{"url":"np://user.desktop.nicepage.com/Site_96514320/images/thumbnails/doom_guy_gets_nerfed_by_1012630_dg0aonu-pre.jpg","width":231,"height":250},"folderId":null,"usages":["139390119"]},{"id":"user-image-good_times_by_1012630_desmhsa-414w-2x.jpg","publicUrl":"np://user.desktop.nicepage.com/Site_96514320/images/good_times_by_1012630_desmhsa-414w-2x.jpg","size":129983,"hash":"yK1mKETQfP8wWlUlfHUFVqNMk4o=","fileName":"good_times_by_1012630_desmhsa-414w-2x.jpg","name":"good_times_by_1012630_desmhsa-414w-2x","width":828,"height":1104,"thumbnail":{"url":"np://user.desktop.nicepage.com/Site_96514320/images/thumbnails/good_times_by_1012630_desmhsa-414w-2x.jpg","width":188,"height":250},"folderId":null,"usages":["139390119"]},{"id":"user-image-beyond_the_spider_verse__by_1012630_dfyijbq-375w-2x.jpg","publicUrl":"np://user.desktop.nicepage.com/Site_96514320/images/beyond_the_spider_verse__by_1012630_dfyijbq-375w-2x.jpg","size":95572,"hash":"QEZ9qS/Ize0ADnn4MrljNp9rBjM=","fileName":"beyond_the_spider_verse__by_1012630_dfyijbq-375w-2x.jpg","name":"beyond_the_spider_verse__by_1012630_dfyijbq-375w-2x","width":720,"height":1600,"thumbnail":{"url":"np://user.desktop.nicepage.com/Site_96514320/images/thumbnails/beyond_the_spider_verse__by_1012630_dfyijbq-375w-2x.jpg","width":113,"height":250},"folderId":null,"usages":["139390119"]},{"id":"user-image-bored_at_school__by_1012630_dcxnayh-fullview.jpg","publicUrl":"np://user.desktop.nicepage.com/Site_96514320/images/bored_at_school__by_1012630_dcxnayh-fullview.jpg","size":129385,"hash":"keyOvZdTnexwnomKfFBk/DBpxpc=","fileName":"bored_at_school__by_1012630_dcxnayh-fullview.jpg","name":"bored_at_school__by_1012630_dcxnayh-fullview","width":868,"height":619,"thumbnail":{"url":"np://user.desktop.nicepage.com/Site_96514320/images/thumbnails/bored_at_school__by_1012630_dcxnayh-fullview.jpg","width":250,"height":178},"folderId":null,"usages":["139390119"]},{"id":"user-image-mcaz14pex_by_1012630_dc54k6r-fullview.jpg","publicUrl":"np://user.desktop.nicepage.com/Site_96514320/images/mcaz14pex_by_1012630_dc54k6r-fullview.jpg","size":8216,"hash":"AzY6AAG/am5JY/73BM+lUgsQJpk=","fileName":"mcaz14pex_by_1012630_dc54k6r-fullview.jpg","name":"mcaz14pex_by_1012630_dc54k6r-fullview","width":170,"height":226,"thumbnail":{"url":"np://user.desktop.nicepage.com/Site_96514320/images/thumbnails/mcaz14pex_by_1012630_dc54k6r-fullview.jpg","height":226,"width":170,"length":8216,"type":"jpg"},"folderId":null,"usages":["72880344"]},{"id":"user-image-ma_by_1012630_dc54l20-fullview.jpg","publicUrl":"np://user.desktop.nicepage.com/Site_96514320/images/ma_by_1012630_dc54l20-fullview.jpg","size":5531,"hash":"se9a3sl8LQawI4czUZCsf5M8gho=","fileName":"ma_by_1012630_dc54l20-fullview.jpg","name":"ma_by_1012630_dc54l20-fullview","width":126,"height":175,"thumbnail":{"url":"np://user.desktop.nicepage.com/Site_96514320/images/thumbnails/ma_by_1012630_dc54l20-fullview.jpg","height":175,"width":126,"length":5531,"type":"jpg"},"folderId":null,"usages":["72880344"]},{"id":"user-image-untitled_by_1012630_dc54l3i-414w-2x.jpg","publicUrl":"np://user.desktop.nicepage.com/Site_96514320/images/untitled_by_1012630_dc54l3i-414w-2x.jpg","size":131610,"hash":"nI/B/WfbCT+LXv/YMEvQdhc44+U=","fileName":"untitled_by_1012630_dc54l3i-414w-2x.jpg","name":"untitled_by_1012630_dc54l3i-414w-2x","width":827,"height":1350,"thumbnail":{"url":"np://user.desktop.nicepage.com/Site_96514320/images/thumbnails/untitled_by_1012630_dc54l3i-414w-2x.jpg","width":153,"height":250},"folderId":null,"usages":["72880344"]},{"id":"user-image-untitled_by_1012630_dc54k24-414w-2x.jpg","publicUrl":"np://user.desktop.nicepage.com/Site_96514320/images/untitled_by_1012630_dc54k24-414w-2x.jpg","size":109770,"hash":"OuEySXByBnK8bEUGIymlsZOdTEE=","fileName":"untitled_by_1012630_dc54k24-414w-2x.jpg","name":"untitled_by_1012630_dc54k24-414w-2x","width":828,"height":1104,"thumbnail":{"url":"np://user.desktop.nicepage.com/Site_96514320/images/thumbnails/untitled_by_1012630_dc54k24-414w-2x.jpg","width":188,"height":250},"folderId":null,"usages":["72880344"]},{"id":"user-image-rosasss_by_1012630_dc54kzu-fullview.jpg","publicUrl":"np://user.desktop.nicepage.com/Site_96514320/images/rosasss_by_1012630_dc54kzu-fullview.jpg","size":4438,"hash":"R5Vvx/eD2qgmgAEsoNrxb5LC2KI=","fileName":"rosasss_by_1012630_dc54kzu-fullview.jpg","name":"rosasss_by_1012630_dc54kzu-fullview","width":118,"height":126,"thumbnail":{"url":"np://user.desktop.nicepage.com/Site_96514320/images/thumbnails/rosasss_by_1012630_dc54kzu-fullview.jpg","height":126,"width":118,"length":4438,"type":"jpg"},"folderId":null,"usages":[]},{"id":"user-image-untitled_by_1012630_dc54juc-414w-2x.jpg","publicUrl":"np://user.desktop.nicepage.com/Site_96514320/images/untitled_by_1012630_dc54juc-414w-2x.jpg","size":118231,"hash":"WeuxExthlkrHilBRjCrEdT6TCNk=","fileName":"untitled_by_1012630_dc54juc-414w-2x.jpg","name":"untitled_by_1012630_dc54juc-414w-2x","width":828,"height":1104,"thumbnail":{"url":"np://user.desktop.nicepage.com/Site_96514320/images/thumbnails/untitled_by_1012630_dc54juc-414w-2x.jpg","width":188,"height":250},"folderId":null,"usages":["72880344"]},{"id":"user-image-mcaw2l9la_by_1012630_dc54kxv-fullview.jpg","publicUrl":"np://user.desktop.nicepage.com/Site_96514320/images/mcaw2l9la_by_1012630_dc54kxv-fullview.jpg","size":4615,"hash":"OfCgr0e4mIF8LqoPkWrcV6MRXEA=","fileName":"mcaw2l9la_by_1012630_dc54kxv-fullview.jpg","name":"mcaw2l9la_by_1012630_dc54kxv-fullview","width":118,"height":204,"thumbnail":{"url":"np://user.desktop.nicepage.com/Site_96514320/images/thumbnails/mcaw2l9la_by_1012630_dc54kxv-fullview.jpg","height":204,"width":118,"length":4615,"type":"jpg"},"folderId":null,"usages":["72880344"]},{"id":"user-image-tattoo_book_013_by_1012630_dc54jqt-fullview.jpg","publicUrl":"np://user.desktop.nicepage.com/Site_96514320/images/tattoo_book_013_by_1012630_dc54jqt-fullview.jpg","size":103146,"hash":"IoiBJhiGFW6n7T+blRr35dl5quM=","fileName":"tattoo_book_013_by_1012630_dc54jqt-fullview.jpg","name":"tattoo_book_013_by_1012630_dc54jqt-fullview","width":1024,"height":576,"thumbnail":{"url":"np://user.desktop.nicepage.com/Site_96514320/images/thumbnails/tattoo_book_013_by_1012630_dc54jqt-fullview.jpg","width":250,"height":141},"folderId":null,"usages":["72880344"]},{"id":"user-image-untitled_by_1012630_dc54duu-414w-2x.jpg","publicUrl":"np://user.desktop.nicepage.com/Site_96514320/images/untitled_by_1012630_dc54duu-414w-2x.jpg","size":213653,"hash":"M9Z+MW33oKeFtZp0ZjdjvXA440c=","fileName":"untitled_by_1012630_dc54duu-414w-2x.jpg","name":"untitled_by_1012630_dc54duu-414w-2x","width":827,"height":1724,"thumbnail":{"url":"np://user.desktop.nicepage.com/Site_96514320/images/thumbnails/untitled_by_1012630_dc54duu-414w-2x.jpg","width":120,"height":250},"folderId":null,"usages":["72880344"]},{"id":"user-image-tapia_kitt_003_by_1012630_dc54dkj-414w-2x.jpg","publicUrl":"np://user.desktop.nicepage.com/Site_96514320/images/tapia_kitt_003_by_1012630_dc54dkj-414w-2x.jpg","size":154401,"hash":"1eS/LD7pAWeLcNeOKyOr4T/m20o=","fileName":"tapia_kitt_003_by_1012630_dc54dkj-414w-2x.jpg","name":"tapia_kitt_003_by_1012630_dc54dkj-414w-2x","width":828,"height":1103,"thumbnail":{"url":"np://user.desktop.nicepage.com/Site_96514320/images/thumbnails/tapia_kitt_003_by_1012630_dc54dkj-414w-2x.jpg","width":188,"height":250},"folderId":null,"usages":["72880344"]},{"id":"user-image-tapia_kitt_080_by_1012630_dc54jj8-414w-2x.jpg","publicUrl":"np://user.desktop.nicepage.com/Site_96514320/images/tapia_kitt_080_by_1012630_dc54jj8-414w-2x.jpg","size":190865,"hash":"vwgZXc9nGdsM+xo+vRCkNrnIT7k=","fileName":"tapia_kitt_080_by_1012630_dc54jj8-414w-2x.jpg","name":"tapia_kitt_080_by_1012630_dc54jj8-414w-2x","width":827,"height":1707,"thumbnail":{"url":"np://user.desktop.nicepage.com/Site_96514320/images/thumbnails/tapia_kitt_080_by_1012630_dc54jj8-414w-2x.jpg","width":121,"height":250},"folderId":null,"usages":["72880344"]},{"id":"user-image-symmetry__by_1012630_dgz7p60-pre.jpg","publicUrl":"np://user.desktop.nicepage.com/Site_96514320/images/symmetry__by_1012630_dgz7p60-pre.jpg","size":61681,"hash":"fmHt/u1WqE1mV6siSZtEq3/PLQQ=","fileName":"symmetry__by_1012630_dgz7p60-pre.jpg","name":"symmetry__by_1012630_dgz7p60-pre","width":886,"height":902,"thumbnail":{"url":"np://user.desktop.nicepage.com/Site_96514320/images/thumbnails/symmetry__by_1012630_dgz7p60-pre.jpg","width":246,"height":250},"folderId":null,"usages":["72880344"]},{"id":"user-image-the_invasive_parasite__by_1012630_dfomt3w-pre.jpg","publicUrl":"np://user.desktop.nicepage.com/Site_96514320/images/the_invasive_parasite__by_1012630_dfomt3w-pre.jpg","size":80274,"hash":"KiCjmdKiC4Wn9zNHiV+jbhjZvTU=","fileName":"the_invasive_parasite__by_1012630_dfomt3w-pre.jpg","name":"the_invasive_parasite__by_1012630_dfomt3w-pre","width":889,"height":898,"thumbnail":{"url":"np://user.desktop.nicepage.com/Site_96514320/images/thumbnails/the_invasive_parasite__by_1012630_dfomt3w-pre.jpg","width":247,"height":250},"folderId":null,"usages":["72880344"]},{"id":"user-image-the_close_encounter__by_1012630_dfomt0t-pre.jpg","publicUrl":"np://user.desktop.nicepage.com/Site_96514320/images/the_close_encounter__by_1012630_dfomt0t-pre.jpg","size":82253,"hash":"tPfNxl/hOfaD6w6vw0xDcqCwDaY=","fileName":"the_close_encounter__by_1012630_dfomt0t-pre.jpg","name":"the_close_encounter__by_1012630_dfomt0t-pre","width":902,"height":885,"thumbnail":{"url":"np://user.desktop.nicepage.com/Site_96514320/images/thumbnails/the_close_encounter__by_1012630_dfomt0t-pre.jpg","width":250,"height":245},"folderId":null,"usages":["72880344"]},{"id":"user-image-tattoo_book_188_by_1012630_dc54da2-pre.jpg","publicUrl":"np://user.desktop.nicepage.com/Site_96514320/images/tattoo_book_188_by_1012630_dc54da2-pre.jpg","size":150239,"hash":"QvdijBMjNFMUDvPtFrLJI/hD8Yk=","fileName":"tattoo_book_188_by_1012630_dc54da2-pre.jpg","name":"tattoo_book_188_by_1012630_dc54da2-pre","width":893,"height":895,"thumbnail":{"url":"np://user.desktop.nicepage.com/Site_96514320/images/thumbnails/tattoo_book_188_by_1012630_dc54da2-pre.jpg","width":249,"height":250},"folderId":null,"usages":["72880344"]},{"id":"user-image-pov_your_choice__by_1012630_dgz7pda-pre.jpg","publicUrl":"np://user.desktop.nicepage.com/Site_96514320/images/pov_your_choice__by_1012630_dgz7pda-pre.jpg","size":171741,"hash":"63c3MxcGoQ/yEfmEQ78r40X+B0Q=","fileName":"pov_your_choice__by_1012630_dgz7pda-pre.jpg","name":"pov_your_choice__by_1012630_dgz7pda-pre","width":868,"height":921,"thumbnail":{"url":"np://user.desktop.nicepage.com/Site_96514320/images/thumbnails/pov_your_choice__by_1012630_dgz7pda-pre.jpg","width":236,"height":250},"folderId":null,"usages":["72880344"]},{"id":"user-image-decepticon_ensignia_by_1012630_dcxnb66-414w-2x.jpg","publicUrl":"np://user.desktop.nicepage.com/Site_96514320/images/decepticon_ensignia_by_1012630_dcxnb66-414w-2x.jpg","size":122268,"hash":"yj0MsHImPOtVT8Qg6vtrxYV/X70=","fileName":"decepticon_ensignia_by_1012630_dcxnb66-414w-2x.jpg","name":"decepticon_ensignia_by_1012630_dcxnb66-414w-2x","width":828,"height":1104,"thumbnail":{"url":"np://user.desktop.nicepage.com/Site_96514320/images/thumbnails/decepticon_ensignia_by_1012630_dcxnb66-414w-2x.jpg","width":188,"height":250},"folderId":null,"usages":["72880344"]},{"id":"user-image-retro_bot__raising_the_arm_of_the_primes_by_1012630_dcxna2x-414w-2x.jpg","publicUrl":"np://user.desktop.nicepage.com/Site_96514320/images/retro_bot__raising_the_arm_of_the_primes_by_1012630_dcxna2x-414w-2x.jpg","size":119539,"hash":"XyQQ1YTogC0ij2tSVRb+5NSaWYc=","fileName":"retro_bot__raising_the_arm_of_the_primes_by_1012630_dcxna2x-414w-2x.jpg","name":"retro_bot__raising_the_arm_of_the_primes_by_1012630_dcxna2x-414w-2x","width":828,"height":1104,"thumbnail":{"url":"np://user.desktop.nicepage.com/Site_96514320/images/thumbnails/retro_bot__raising_the_arm_of_the_primes_by_1012630_dcxna2x-414w-2x.jpg","width":188,"height":250},"folderId":null,"usages":["72880344"]},{"id":"user-image-tapia_kitt_058__jew_bear_by_1012630_dcxnara-fullview.jpg","publicUrl":"np://user.desktop.nicepage.com/Site_96514320/images/tapia_kitt_058__jew_bear_by_1012630_dcxnara-fullview.jpg","size":94943,"hash":"cuTh0srG+4/5+i5mvxHqNq/kvCo=","fileName":"tapia_kitt_058__jew_bear_by_1012630_dcxnara-fullview.jpg","name":"tapia_kitt_058__jew_bear_by_1012630_dcxnara-fullview","width":1024,"height":768,"thumbnail":{"url":"np://user.desktop.nicepage.com/Site_96514320/images/thumbnails/tapia_kitt_058__jew_bear_by_1012630_dcxnara-fullview.jpg","width":250,"height":188},"folderId":null,"usages":["72880344"]},{"id":"user-image-tattoo_book_044_by_1012630_dc54j6n-414w-2x.jpg","publicUrl":"np://user.desktop.nicepage.com/Site_96514320/images/tattoo_book_044_by_1012630_dc54j6n-414w-2x.jpg","size":216730,"hash":"C6vWU5U+5mVIhIu0tRp8564nnQE=","fileName":"tattoo_book_044_by_1012630_dc54j6n-414w-2x.jpg","name":"tattoo_book_044_by_1012630_dc54j6n-414w-2x","width":827,"height":1626,"thumbnail":{"url":"np://user.desktop.nicepage.com/Site_96514320/images/thumbnails/tattoo_book_044_by_1012630_dc54j6n-414w-2x.jpg","width":127,"height":250},"folderId":null,"usages":["72880344"]},{"id":"user-image-untitled_by_1012630_dc54guq-414w-2x.jpg","publicUrl":"np://user.desktop.nicepage.com/Site_96514320/images/untitled_by_1012630_dc54guq-414w-2x.jpg","size":138719,"hash":"mCOFUWm1z2OLt27Jixc3kxdIXKc=","fileName":"untitled_by_1012630_dc54guq-414w-2x.jpg","name":"untitled_by_1012630_dc54guq-414w-2x","width":828,"height":1145,"thumbnail":{"url":"np://user.desktop.nicepage.com/Site_96514320/images/thumbnails/untitled_by_1012630_dc54guq-414w-2x.jpg","width":181,"height":250},"folderId":null,"usages":["72880344"]},{"id":"user-image-tapia_kitt_112_by_1012630_dcxn9op-414w-2x.jpg","publicUrl":"np://user.desktop.nicepage.com/Site_96514320/images/tapia_kitt_112_by_1012630_dcxn9op-414w-2x.jpg","size":103916,"hash":"Wsp3M5B0JFGx4hUYAbGz5e1YZ9U=","fileName":"tapia_kitt_112_by_1012630_dcxn9op-414w-2x.jpg","name":"tapia_kitt_112_by_1012630_dcxn9op-414w-2x","width":828,"height":1104,"thumbnail":{"url":"np://user.desktop.nicepage.com/Site_96514320/images/thumbnails/tapia_kitt_112_by_1012630_dcxn9op-414w-2x.jpg","width":188,"height":250},"folderId":null,"usages":["72880344"]},{"id":"user-image-dragon_emerges_by_1012630_dcxnbc9-414w-2x.jpg","publicUrl":"np://user.desktop.nicepage.com/Site_96514320/images/dragon_emerges_by_1012630_dcxnbc9-414w-2x.jpg","size":133935,"hash":"RUc82mbKopG6iZFzQx/Umc4vMEg=","fileName":"dragon_emerges_by_1012630_dcxnbc9-414w-2x.jpg","name":"dragon_emerges_by_1012630_dcxnbc9-414w-2x","width":828,"height":1266,"thumbnail":{"url":"np://user.desktop.nicepage.com/Site_96514320/images/thumbnails/dragon_emerges_by_1012630_dcxnbc9-414w-2x.jpg","width":164,"height":250},"folderId":null,"usages":["72880344"]},{"id":"user-image-thundercats_tattoo_by_1012630_dcxnahc-fullview.jpg","publicUrl":"np://user.desktop.nicepage.com/Site_96514320/images/thundercats_tattoo_by_1012630_dcxnahc-fullview.jpg","size":82910,"hash":"65CFnAovA73E55A1X67jX334ykY=","fileName":"thundercats_tattoo_by_1012630_dcxnahc-fullview.jpg","name":"thundercats_tattoo_by_1012630_dcxnahc-fullview","width":1024,"height":768,"thumbnail":{"url":"np://user.desktop.nicepage.com/Site_96514320/images/thumbnails/thundercats_tattoo_by_1012630_dcxnahc-fullview.jpg","width":250,"height":188},"folderId":null,"usages":["72880344"]},{"id":"user-image-untitled_by_1012630_dc54h5z-pre.jpg","publicUrl":"np://user.desktop.nicepage.com/Site_96514320/images/untitled_by_1012630_dc54h5z-pre.jpg","size":77230,"hash":"AjYacwFTn2E6GPxlTZp/SnDCJCo=","fileName":"untitled_by_1012630_dc54h5z-pre.jpg","name":"untitled_by_1012630_dc54h5z-pre","width":944,"height":847,"thumbnail":{"url":"np://user.desktop.nicepage.com/Site_96514320/images/thumbnails/untitled_by_1012630_dc54h5z-pre.jpg","width":250,"height":224},"folderId":null,"usages":["72880344"]},{"id":"user-image-untitled_by_1012630_dc54gs0-fullview.jpg","publicUrl":"np://user.desktop.nicepage.com/Site_96514320/images/untitled_by_1012630_dc54gs0-fullview.jpg","size":113691,"hash":"Pe1dOI5tbPru/DOSDrwjJVxR5NM=","fileName":"untitled_by_1012630_dc54gs0-fullview.jpg","name":"untitled_by_1012630_dc54gs0-fullview","width":1024,"height":571,"thumbnail":{"url":"np://user.desktop.nicepage.com/Site_96514320/images/thumbnails/untitled_by_1012630_dc54gs0-fullview.jpg","width":250,"height":139},"folderId":null,"usages":["72880344"]},{"id":"user-image-tattoo_book_046_by_1012630_dc54fd9-414w-2x.jpg","publicUrl":"np://user.desktop.nicepage.com/Site_96514320/images/tattoo_book_046_by_1012630_dc54fd9-414w-2x.jpg","size":181205,"hash":"XjsyzS27PswPmk1/YM73Fg3tnxY=","fileName":"tattoo_book_046_by_1012630_dc54fd9-414w-2x.jpg","name":"tattoo_book_046_by_1012630_dc54fd9-414w-2x","width":827,"height":1490,"thumbnail":{"url":"np://user.desktop.nicepage.com/Site_96514320/images/thumbnails/tattoo_book_046_by_1012630_dc54fd9-414w-2x.jpg","width":139,"height":250},"folderId":null,"usages":["72880344"]},{"id":"user-image-untitled_by_1012630_dc54iyh-fullview.jpg","publicUrl":"np://user.desktop.nicepage.com/Site_96514320/images/untitled_by_1012630_dc54iyh-fullview.jpg","size":7905,"hash":"snaCcOVteIpq1EsfvQCY1/s3C2A=","fileName":"untitled_by_1012630_dc54iyh-fullview.jpg","name":"untitled_by_1012630_dc54iyh-fullview","width":182,"height":356,"thumbnail":{"url":"np://user.desktop.nicepage.com/Site_96514320/images/thumbnails/untitled_by_1012630_dc54iyh-fullview.jpg","width":128,"height":250},"folderId":null,"usages":["72880344"]},{"id":"user-image-tattoo_book_148_by_1012630_dc54hfy-fullview.jpg","publicUrl":"np://user.desktop.nicepage.com/Site_96514320/images/tattoo_book_148_by_1012630_dc54hfy-fullview.jpg","size":100595,"hash":"Yg6iAtFg5k79C4a3rW165ar1ijI=","fileName":"tattoo_book_148_by_1012630_dc54hfy-fullview.jpg","name":"tattoo_book_148_by_1012630_dc54hfy-fullview","width":1024,"height":576,"thumbnail":{"url":"np://user.desktop.nicepage.com/Site_96514320/images/thumbnails/tattoo_book_148_by_1012630_dc54hfy-fullview.jpg","width":250,"height":141},"folderId":null,"usages":["72880344"]},{"id":"user-image-untitled_by_1012630_dc54eoh-414w-2x.jpg","publicUrl":"np://user.desktop.nicepage.com/Site_96514320/images/untitled_by_1012630_dc54eoh-414w-2x.jpg","size":197255,"hash":"mtV8k4loJWVEWLkrLWHZz13IZFE=","fileName":"untitled_by_1012630_dc54eoh-414w-2x.jpg","name":"untitled_by_1012630_dc54eoh-414w-2x","width":827,"height":1668,"thumbnail":{"url":"np://user.desktop.nicepage.com/Site_96514320/images/thumbnails/untitled_by_1012630_dc54eoh-414w-2x.jpg","width":124,"height":250},"folderId":null,"usages":["72880344"]},{"id":"user-image-untitled_by_1012630_dc54e0j-414w-2x.jpg","publicUrl":"np://user.desktop.nicepage.com/Site_96514320/images/untitled_by_1012630_dc54e0j-414w-2x.jpg","size":210138,"hash":"EBxl9N1xyWBDiEtu9/4iUIMTlGM=","fileName":"untitled_by_1012630_dc54e0j-414w-2x.jpg","name":"untitled_by_1012630_dc54e0j-414w-2x","width":828,"height":1392,"thumbnail":{"url":"np://user.desktop.nicepage.com/Site_96514320/images/thumbnails/untitled_by_1012630_dc54e0j-414w-2x.jpg","width":149,"height":250},"folderId":null,"usages":["778627789"]},{"id":"user-image-tattoo_book_009_by_1012630_dc54e8o-414w-2x.jpg","publicUrl":"np://user.desktop.nicepage.com/Site_96514320/images/tattoo_book_009_by_1012630_dc54e8o-414w-2x.jpg","size":177391,"hash":"EpiqzdmlFxnAOC4gPXeR546b2S0=","fileName":"tattoo_book_009_by_1012630_dc54e8o-414w-2x.jpg","name":"tattoo_book_009_by_1012630_dc54e8o-414w-2x","width":828,"height":1472,"thumbnail":{"url":"np://user.desktop.nicepage.com/Site_96514320/images/thumbnails/tattoo_book_009_by_1012630_dc54e8o-414w-2x.jpg","width":141,"height":250},"folderId":null,"usages":["778627789"]},{"id":"user-image-tattoo_book_026_by_1012630_dc54f76-414w-2x.jpg","publicUrl":"np://user.desktop.nicepage.com/Site_96514320/images/tattoo_book_026_by_1012630_dc54f76-414w-2x.jpg","size":210106,"hash":"ppIqWAmqpAka0bDBzV85kmmQyYM=","fileName":"tattoo_book_026_by_1012630_dc54f76-414w-2x.jpg","name":"tattoo_book_026_by_1012630_dc54f76-414w-2x","width":827,"height":1330,"thumbnail":{"url":"np://user.desktop.nicepage.com/Site_96514320/images/thumbnails/tattoo_book_026_by_1012630_dc54f76-414w-2x.jpg","width":155,"height":250},"folderId":null,"usages":["778627789"]},{"id":"user-image-untitled_by_1012630_dc54o5c-414w-2x.jpg","publicUrl":"np://user.desktop.nicepage.com/Site_96514320/images/untitled_by_1012630_dc54o5c-414w-2x.jpg","size":150191,"hash":"4Q9AhbAF/hZXp9cOCa+uUy2Hg0k=","fileName":"untitled_by_1012630_dc54o5c-414w-2x.jpg","name":"untitled_by_1012630_dc54o5c-414w-2x","width":828,"height":1472,"thumbnail":{"url":"np://user.desktop.nicepage.com/Site_96514320/images/thumbnails/untitled_by_1012630_dc54o5c-414w-2x.jpg","width":141,"height":250},"folderId":null,"usages":["778627789"]},{"id":"user-image-untitled_by_1012630_dc54huq-414w-2x.jpg","publicUrl":"np://user.desktop.nicepage.com/Site_96514320/images/untitled_by_1012630_dc54huq-414w-2x.jpg","size":137895,"hash":"CHurifzL+YsxASbKWBy1xAfcV84=","fileName":"untitled_by_1012630_dc54huq-414w-2x.jpg","name":"untitled_by_1012630_dc54huq-414w-2x","width":828,"height":1472,"thumbnail":{"url":"np://user.desktop.nicepage.com/Site_96514320/images/thumbnails/untitled_by_1012630_dc54huq-414w-2x.jpg","width":141,"height":250},"folderId":null,"usages":["778627789"]},{"id":"user-image-untitled_by_1012630_dc54nve-414w-2x.jpg","publicUrl":"np://user.desktop.nicepage.com/Site_96514320/images/untitled_by_1012630_dc54nve-414w-2x.jpg","size":243300,"hash":"2Sf7sOtL21wFrL65o4xJT/biOVo=","fileName":"untitled_by_1012630_dc54nve-414w-2x.jpg","name":"untitled_by_1012630_dc54nve-414w-2x","width":828,"height":1472,"thumbnail":{"url":"np://user.desktop.nicepage.com/Site_96514320/images/thumbnails/untitled_by_1012630_dc54nve-414w-2x.jpg","width":141,"height":250},"folderId":null,"usages":["778627789"]},{"id":"user-image-tattoo_book_018_by_1012630_dc54j8y-fullview.jpg","publicUrl":"np://user.desktop.nicepage.com/Site_96514320/images/tattoo_book_018_by_1012630_dc54j8y-fullview.jpg","size":81299,"hash":"0SIrIm/4qUiFaeF/NAwvkUxJMTg=","fileName":"tattoo_book_018_by_1012630_dc54j8y-fullview.jpg","name":"tattoo_book_018_by_1012630_dc54j8y-fullview","width":1024,"height":576,"thumbnail":{"url":"np://user.desktop.nicepage.com/Site_96514320/images/thumbnails/tattoo_book_018_by_1012630_dc54j8y-fullview.jpg","width":250,"height":141},"folderId":null,"usages":["778627789"]},{"id":"user-image-ileoceccal_vengeance_by_1012630_dc54ojc-414w-2x.jpg","publicUrl":"np://user.desktop.nicepage.com/Site_96514320/images/ileoceccal_vengeance_by_1012630_dc54ojc-414w-2x.jpg","size":178486,"hash":"nKPNqWZ++Bad7lB6kEsSe75H2gc=","fileName":"ileoceccal_vengeance_by_1012630_dc54ojc-414w-2x.jpg","name":"ileoceccal_vengeance_by_1012630_dc54ojc-414w-2x","width":828,"height":1472,"thumbnail":{"url":"np://user.desktop.nicepage.com/Site_96514320/images/thumbnails/ileoceccal_vengeance_by_1012630_dc54ojc-414w-2x.jpg","width":141,"height":250},"folderId":null,"usages":["778627789"]},{"id":"user-image-back_pains_by_1012630_dc54ps0-fullview.jpg","publicUrl":"np://user.desktop.nicepage.com/Site_96514320/images/back_pains_by_1012630_dc54ps0-fullview.jpg","size":89508,"hash":"eYHM040drBNEh3gNHmfDRndcL1s=","fileName":"back_pains_by_1012630_dc54ps0-fullview.jpg","name":"back_pains_by_1012630_dc54ps0-fullview","width":1024,"height":576,"thumbnail":{"url":"np://user.desktop.nicepage.com/Site_96514320/images/thumbnails/back_pains_by_1012630_dc54ps0-fullview.jpg","width":250,"height":141},"folderId":null,"usages":["778627789"]},{"id":"user-image-untitled_by_1012630_dc54o8h-414w-2x.jpg","publicUrl":"np://user.desktop.nicepage.com/Site_96514320/images/untitled_by_1012630_dc54o8h-414w-2x.jpg","size":189158,"hash":"V8sfOm1wRg7LIT4bl0E7VBkc/MI=","fileName":"untitled_by_1012630_dc54o8h-414w-2x.jpg","name":"untitled_by_1012630_dc54o8h-414w-2x","width":828,"height":1472,"thumbnail":{"url":"np://user.desktop.nicepage.com/Site_96514320/images/thumbnails/untitled_by_1012630_dc54o8h-414w-2x.jpg","width":141,"height":250},"folderId":null,"usages":["778627789"]},{"id":"user-image-the_blind_date_by_1012630_dd9sztp-414w-2x.jpg","publicUrl":"np://user.desktop.nicepage.com/Site_96514320/images/the_blind_date_by_1012630_dd9sztp-414w-2x.jpg","size":208089,"hash":"tPHzKOMKo5+XsOoVhM1VvQ4n1pI=","fileName":"the_blind_date_by_1012630_dd9sztp-414w-2x.jpg","name":"the_blind_date_by_1012630_dd9sztp-414w-2x","width":828,"height":1111,"thumbnail":{"url":"np://user.desktop.nicepage.com/Site_96514320/images/thumbnails/the_blind_date_by_1012630_dd9sztp-414w-2x.jpg","width":186,"height":250},"folderId":null,"usages":["778627789"]},{"id":"user-image-untitled_by_1012630_dc54ocr-414w-2x.jpg","publicUrl":"np://user.desktop.nicepage.com/Site_96514320/images/untitled_by_1012630_dc54ocr-414w-2x.jpg","size":135461,"hash":"KviK2PkltoCDCZ+6ae4UuwT90lI=","fileName":"untitled_by_1012630_dc54ocr-414w-2x.jpg","name":"untitled_by_1012630_dc54ocr-414w-2x","width":828,"height":1472,"thumbnail":{"url":"np://user.desktop.nicepage.com/Site_96514320/images/thumbnails/untitled_by_1012630_dc54ocr-414w-2x.jpg","width":141,"height":250},"folderId":null,"usages":["778627789"]},{"id":"user-image-evil_ernie_sketch_up_by_1012630_dcw92vq-414w-2x.jpg","publicUrl":"np://user.desktop.nicepage.com/Site_96514320/images/evil_ernie_sketch_up_by_1012630_dcw92vq-414w-2x.jpg","size":141858,"hash":"fcoz9TN9HiNkk6d+7O8ZDvhVOqg=","fileName":"evil_ernie_sketch_up_by_1012630_dcw92vq-414w-2x.jpg","name":"evil_ernie_sketch_up_by_1012630_dcw92vq-414w-2x","width":828,"height":1104,"thumbnail":{"url":"np://user.desktop.nicepage.com/Site_96514320/images/thumbnails/evil_ernie_sketch_up_by_1012630_dcw92vq-414w-2x.jpg","width":188,"height":250},"folderId":null,"usages":["778627789"]},{"id":"user-image-untitled_by_1012630_dc54pu8-fullview.jpg","publicUrl":"np://user.desktop.nicepage.com/Site_96514320/images/untitled_by_1012630_dc54pu8-fullview.jpg","size":127149,"hash":"33riANFhe+8eIq4CYKWrsvimcBA=","fileName":"untitled_by_1012630_dc54pu8-fullview.jpg","name":"untitled_by_1012630_dc54pu8-fullview","width":1024,"height":768,"thumbnail":{"url":"np://user.desktop.nicepage.com/Site_96514320/images/thumbnails/untitled_by_1012630_dc54pu8-fullview.jpg","width":250,"height":188},"folderId":null,"usages":["778627789"]},{"id":"user-image-house_warming___autumn_is_near__by_1012630_desuxm0-414w-2x.jpg","publicUrl":"np://user.desktop.nicepage.com/Site_96514320/images/house_warming___autumn_is_near__by_1012630_desuxm0-414w-2x.jpg","size":119164,"hash":"gckq4n30dBuxRy5cN0T6zZj4QJQ=","fileName":"house_warming___autumn_is_near__by_1012630_desuxm0-414w-2x.jpg","name":"house_warming___autumn_is_near__by_1012630_desuxm0-414w-2x","width":828,"height":1103,"thumbnail":{"url":"np://user.desktop.nicepage.com/Site_96514320/images/thumbnails/house_warming___autumn_is_near__by_1012630_desuxm0-414w-2x.jpg","width":188,"height":250},"folderId":null,"usages":["778627789"]},{"id":"user-image-muy_caliente___by_1012630_deue1l3-414w-2x.jpg","publicUrl":"np://user.desktop.nicepage.com/Site_96514320/images/muy_caliente___by_1012630_deue1l3-414w-2x.jpg","size":148808,"hash":"9uxC8CjyO0K9WMR+FkSIf3w6tBo=","fileName":"muy_caliente___by_1012630_deue1l3-414w-2x.jpg","name":"muy_caliente___by_1012630_deue1l3-414w-2x","width":827,"height":1094,"thumbnail":{"url":"np://user.desktop.nicepage.com/Site_96514320/images/thumbnails/muy_caliente___by_1012630_deue1l3-414w-2x.jpg","width":189,"height":250},"folderId":null,"usages":["778627789"]},{"id":"user-image-lady_death_sketch145_by_1012630_dcw9385-414w-2x.jpg","publicUrl":"np://user.desktop.nicepage.com/Site_96514320/images/lady_death_sketch145_by_1012630_dcw9385-414w-2x.jpg","size":86812,"hash":"GIyL4tZpzD15bMu/pRUG0R87QrA=","fileName":"lady_death_sketch145_by_1012630_dcw9385-414w-2x.jpg","name":"lady_death_sketch145_by_1012630_dcw9385-414w-2x","width":828,"height":1104,"thumbnail":{"url":"np://user.desktop.nicepage.com/Site_96514320/images/thumbnails/lady_death_sketch145_by_1012630_dcw9385-414w-2x.jpg","width":188,"height":250},"folderId":null,"usages":["778627789"]},{"id":"user-image-tommy_having_a_good_time__by_1012630_dd2p7uu-414w-2x.jpg","publicUrl":"np://user.desktop.nicepage.com/Site_96514320/images/tommy_having_a_good_time__by_1012630_dd2p7uu-414w-2x.jpg","size":266183,"hash":"Yo5YvicvLZ82TA2FNErc7oUz6uw=","fileName":"tommy_having_a_good_time__by_1012630_dd2p7uu-414w-2x.jpg","name":"tommy_having_a_good_time__by_1012630_dd2p7uu-414w-2x","width":828,"height":1104,"thumbnail":{"url":"np://user.desktop.nicepage.com/Site_96514320/images/thumbnails/tommy_having_a_good_time__by_1012630_dd2p7uu-414w-2x.jpg","width":188,"height":250},"folderId":null,"usages":["778627789"]},{"id":"user-image-godzilla_king_of_the_monsters_by_1012630_dd9szif-414w-2x.jpg","publicUrl":"np://user.desktop.nicepage.com/Site_96514320/images/godzilla_king_of_the_monsters_by_1012630_dd9szif-414w-2x.jpg","size":86847,"hash":"Ghc/k3H18x2PBgD9fFvg1VMXXY0=","fileName":"godzilla_king_of_the_monsters_by_1012630_dd9szif-414w-2x.jpg","name":"godzilla_king_of_the_monsters_by_1012630_dd9szif-414w-2x","width":828,"height":1104,"thumbnail":{"url":"np://user.desktop.nicepage.com/Site_96514320/images/thumbnails/godzilla_king_of_the_monsters_by_1012630_dd9szif-414w-2x.jpg","width":188,"height":250},"folderId":null,"usages":["778627789"]},{"id":"user-image-venom_vs_carnage_by_1012630_dcxncgg-414w-2x.jpg","publicUrl":"np://user.desktop.nicepage.com/Site_96514320/images/venom_vs_carnage_by_1012630_dcxncgg-414w-2x.jpg","size":150676,"hash":"ExhZwiDn1ZBsOkkSciHcATmDM9A=","fileName":"venom_vs_carnage_by_1012630_dcxncgg-414w-2x.jpg","name":"venom_vs_carnage_by_1012630_dcxncgg-414w-2x","width":828,"height":1104,"thumbnail":{"url":"np://user.desktop.nicepage.com/Site_96514320/images/thumbnails/venom_vs_carnage_by_1012630_dcxncgg-414w-2x.jpg","width":188,"height":250},"folderId":null,"usages":["778627789"]},{"id":"user-image-king_kong_vs__godzilla__by_1012630_dg0an9q-414w-2x.jpg","publicUrl":"np://user.desktop.nicepage.com/Site_96514320/images/king_kong_vs__godzilla__by_1012630_dg0an9q-414w-2x.jpg","size":102553,"hash":"qG6T0HHZ8rkum+L3WMiByoI1+1U=","fileName":"king_kong_vs__godzilla__by_1012630_dg0an9q-414w-2x.jpg","name":"king_kong_vs__godzilla__by_1012630_dg0an9q-414w-2x","width":828,"height":1104,"thumbnail":{"url":"np://user.desktop.nicepage.com/Site_96514320/images/thumbnails/king_kong_vs__godzilla__by_1012630_dg0an9q-414w-2x.jpg","width":188,"height":250},"folderId":null,"usages":["778627789"]},{"id":"user-image-blind_date_by_1012630_dg0ancl-414w-2x.jpg","publicUrl":"np://user.desktop.nicepage.com/Site_96514320/images/blind_date_by_1012630_dg0ancl-414w-2x.jpg","size":151625,"hash":"ngWiO7TBisAvORH6Tj8ZwL/iWEc=","fileName":"blind_date_by_1012630_dg0ancl-414w-2x.jpg","name":"blind_date_by_1012630_dg0ancl-414w-2x","width":828,"height":1104,"thumbnail":{"url":"np://user.desktop.nicepage.com/Site_96514320/images/thumbnails/blind_date_by_1012630_dg0ancl-414w-2x.jpg","width":188,"height":250},"folderId":null,"usages":["778627789"]},{"id":"user-image-tommy_gets_a_treat__by_1012630_dg0anyg-414w-2x.jpg","publicUrl":"np://user.desktop.nicepage.com/Site_96514320/images/tommy_gets_a_treat__by_1012630_dg0anyg-414w-2x.jpg","size":209269,"hash":"UQ1bFC1i8nX4Vg6BSBMy8Id1bMc=","fileName":"tommy_gets_a_treat__by_1012630_dg0anyg-414w-2x.jpg","name":"tommy_gets_a_treat__by_1012630_dg0anyg-414w-2x","width":828,"height":1125,"thumbnail":{"url":"np://user.desktop.nicepage.com/Site_96514320/images/thumbnails/tommy_gets_a_treat__by_1012630_dg0anyg-414w-2x.jpg","width":184,"height":250},"folderId":null,"usages":["778627789"]},{"id":"user-image-50_shades_of_miraculous__by_1012630_dgz7oxr-414w-2x.jpg","publicUrl":"np://user.desktop.nicepage.com/Site_96514320/images/50_shades_of_miraculous__by_1012630_dgz7oxr-414w-2x.jpg","size":98679,"hash":"GxzqGgWEKGQ98Y496TJN/FSMnM8=","fileName":"50_shades_of_miraculous__by_1012630_dgz7oxr-414w-2x.jpg","name":"50_shades_of_miraculous__by_1012630_dgz7oxr-414w-2x","width":828,"height":1104,"thumbnail":{"url":"np://user.desktop.nicepage.com/Site_96514320/images/thumbnails/50_shades_of_miraculous__by_1012630_dgz7oxr-414w-2x.jpg","width":188,"height":250},"folderId":null,"usages":["778627789"]},{"id":"user-image-maximum_venom__by_1012630_dg0an87-414w-2x.jpg","publicUrl":"np://user.desktop.nicepage.com/Site_96514320/images/maximum_venom__by_1012630_dg0an87-414w-2x.jpg","size":149841,"hash":"hSHo1r+RPDUPWUCqaXPpn3MIHu4=","fileName":"maximum_venom__by_1012630_dg0an87-414w-2x.jpg","name":"maximum_venom__by_1012630_dg0an87-414w-2x","width":828,"height":1104,"thumbnail":{"url":"np://user.desktop.nicepage.com/Site_96514320/images/thumbnails/maximum_venom__by_1012630_dg0an87-414w-2x.jpg","width":188,"height":250},"folderId":null,"usages":["778627789"]},{"id":"user-image-elita_omg__club_cybertron_adventures_by_1012630_dilhpkk-414w-2x.jpg","publicUrl":"np://user.desktop.nicepage.com/Site_96514320/images/elita_omg__club_cybertron_adventures_by_1012630_dilhpkk-414w-2x.jpg","size":72902,"hash":"LJup+OG4KEJwm0q+uhsNeLIhLYY=","fileName":"elita_omg__club_cybertron_adventures_by_1012630_dilhpkk-414w-2x.jpg","name":"elita_omg__club_cybertron_adventures_by_1012630_dilhpkk-414w-2x","width":828,"height":1104,"thumbnail":{"url":"np://user.desktop.nicepage.com/Site_96514320/images/thumbnails/elita_omg__club_cybertron_adventures_by_1012630_dilhpkk-414w-2x.jpg","width":188,"height":250},"folderId":null,"usages":["778627789"]},{"id":"user-image-dantes_cross_contour__by_1012630_dgz7o1q-pre.jpg","publicUrl":"np://user.desktop.nicepage.com/Site_96514320/images/dantes_cross_contour__by_1012630_dgz7o1q-pre.jpg","size":192360,"hash":"kjyurN7zY0qi+bcdMDkGoJaD1aU=","fileName":"dantes_cross_contour__by_1012630_dgz7o1q-pre.jpg","name":"dantes_cross_contour__by_1012630_dgz7o1q-pre","width":1032,"height":774,"thumbnail":{"url":"np://user.desktop.nicepage.com/Site_96514320/images/thumbnails/dantes_cross_contour__by_1012630_dgz7o1q-pre.jpg","width":250,"height":188},"folderId":null,"usages":["778627789"]},{"id":"user-image-we_are______eddie_by_1012630_dilhniw-414w-2x.jpg","publicUrl":"np://user.desktop.nicepage.com/Site_96514320/images/we_are______eddie_by_1012630_dilhniw-414w-2x.jpg","size":108541,"hash":"lbj0GFkN1hC/F0OOIFd7nOJLYnM=","fileName":"we_are______eddie_by_1012630_dilhniw-414w-2x.jpg","name":"we_are______eddie_by_1012630_dilhniw-414w-2x","width":828,"height":1104,"thumbnail":{"url":"np://user.desktop.nicepage.com/Site_96514320/images/thumbnails/we_are______eddie_by_1012630_dilhniw-414w-2x.jpg","width":188,"height":250},"folderId":null,"usages":["778627789"]},{"id":"user-image-miraculousness_lady_bug_by_1012630_dilhohn-414w-2x.jpg","publicUrl":"np://user.desktop.nicepage.com/Site_96514320/images/miraculousness_lady_bug_by_1012630_dilhohn-414w-2x.jpg","size":88927,"hash":"laQhQFqtHuLeWRDEGtpEz11lF4U=","fileName":"miraculousness_lady_bug_by_1012630_dilhohn-414w-2x.jpg","name":"miraculousness_lady_bug_by_1012630_dilhohn-414w-2x","width":828,"height":1104,"thumbnail":{"url":"np://user.desktop.nicepage.com/Site_96514320/images/thumbnails/miraculousness_lady_bug_by_1012630_dilhohn-414w-2x.jpg","width":188,"height":250},"folderId":null,"usages":["778627789"]},{"id":"user-image-TikTok_Icon_Black_Circle.png","publicUrl":"np://user.desktop.nicepage.com/Site_96514320/images/TikTok_Icon_Black_Circle.png","size":18423,"hash":"tZQxzoPvKctSUy0zYRdJlQuemdQ=","fileName":"TikTok_Icon_Black_Circle.png","name":"TikTok_Icon_Black_Circle","width":1200,"height":1200,"thumbnail":{"url":"np://user.desktop.nicepage.com/Site_96514320/images/thumbnails/TikTok_Icon_Black_Circle.png","width":250,"height":250},"folderId":null,"usages":["1178002059","778627789","158154281","72880344","139390119","432919464","892616763","351516921"]},{"id":"user-image-Smallerbestletter.png","publicUrl":"np://user.desktop.nicepage.com/Site_96514320/images/Smallerbestletter.png","size":1838459,"hash":"H2y8zyZPF4mUJMSBSLDCBIc/S8A=","fileName":"Smallerbestletter.png","name":"Smallerbestletter","width":1020,"height":1020,"thumbnail":{"url":"np://user.desktop.nicepage.com/Site_96514320/images/thumbnails/Smallerbestletter.png","width":250,"height":250},"folderId":null,"usages":[]},{"id":"user-image-flux-image.jpg","publicUrl":"np://user.desktop.nicepage.com/Site_96514320/images/flux-image.jpg","size":315069,"hash":"p067P/aDxn21ZskXcZq9AxCp46s=","fileName":"flux-image.jpg","name":"flux-image","width":1024,"height":1024,"thumbnail":{"url":"np://user.desktop.nicepage.com/Site_96514320/images/thumbnails/flux-image.jpg","width":250,"height":250},"folderId":null,"usages":["351516921"]},{"id":"user-image-result-7jqViyktFS.png","publicUrl":"np://user.desktop.nicepage.com/Site_96514320/images/result-7jqViyktFS.png","size":439107,"hash":"R7fWNNGI/hYjP5d61861o+Ly1OU=","fileName":"result-7jqViyktFS.png","name":"result-7jqViyktFS","width":1024,"height":1024,"thumbnail":{"url":"np://user.desktop.nicepage.com/Site_96514320/images/thumbnails/result-7jqViyktFS.png","width":250,"height":250},"folderId":null,"usages":[]},{"id":"user-image-lady_death_sketch145_by_1012630_dcw9385-350t.jpg","publicUrl":"np://user.desktop.nicepage.com/Site_96514320/images/lady_death_sketch145_by_1012630_dcw9385-350t.jpg","size":11180,"hash":"fegj8PtNmmNyUpW2PaRGg5yc+lk=","fileName":"lady_death_sketch145_by_1012630_dcw9385-350t.jpg","name":"lady_death_sketch145_by_1012630_dcw9385-350t","width":263,"height":350,"thumbnail":{"url":"np://user.desktop.nicepage.com/Site_96514320/images/thumbnails/lady_death_sketch145_by_1012630_dcw9385-350t.jpg","width":188,"height":250},"folderId":null,"usages":["158154281"]},{"id":"user-image-tommy_having_a_good_time__by_1012630_dd2p7uu-350t.jpg","publicUrl":"np://user.desktop.nicepage.com/Site_96514320/images/tommy_having_a_good_time__by_1012630_dd2p7uu-350t.jpg","size":38815,"hash":"vtwjxlcekCGF/HR6Ck+ujworBEw=","fileName":"tommy_having_a_good_time__by_1012630_dd2p7uu-350t.jpg","name":"tommy_having_a_good_time__by_1012630_dd2p7uu-350t","width":263,"height":350,"thumbnail":{"url":"np://user.desktop.nicepage.com/Site_96514320/images/thumbnails/tommy_having_a_good_time__by_1012630_dd2p7uu-350t.jpg","width":188,"height":250},"folderId":null,"usages":["158154281"]},{"id":"user-image-untitled_by_1012630_dc54ocr-350t.jpg","publicUrl":"np://user.desktop.nicepage.com/Site_96514320/images/untitled_by_1012630_dc54ocr-350t.jpg","size":12377,"hash":"EPetXJxFuPhDO+z1+MFIbFj+DYc=","fileName":"untitled_by_1012630_dc54ocr-350t.jpg","name":"untitled_by_1012630_dc54ocr-350t","width":197,"height":350,"thumbnail":{"url":"np://user.desktop.nicepage.com/Site_96514320/images/thumbnails/untitled_by_1012630_dc54ocr-350t.jpg","width":141,"height":250},"folderId":null,"usages":["158154281"]},{"id":"user-image-evil_ernie_gets_dessert__by_1012630_dg0anb1-414w-2x.jpg","publicUrl":"np://user.desktop.nicepage.com/Site_96514320/images/evil_ernie_gets_dessert__by_1012630_dg0anb1-414w-2x.jpg","size":143276,"hash":"dGVQWIOLSSOlMLyXvBZ0mArYM5M=","fileName":"evil_ernie_gets_dessert__by_1012630_dg0anb1-414w-2x.jpg","name":"evil_ernie_gets_dessert__by_1012630_dg0anb1-414w-2x","width":828,"height":1104,"thumbnail":{"url":"np://user.desktop.nicepage.com/Site_96514320/images/thumbnails/evil_ernie_gets_dessert__by_1012630_dg0anb1-414w-2x.jpg","width":188,"height":250},"folderId":null,"usages":["158154281"]},{"id":"user-image-dragon_emerges_by_1012630_dcxnbc9-350t.jpg","publicUrl":"np://user.desktop.nicepage.com/Site_96514320/images/dragon_emerges_by_1012630_dcxnbc9-350t.jpg","size":16131,"hash":"LbPWolJ5C7Aky3n3qAWmWJd3yqA=","fileName":"dragon_emerges_by_1012630_dcxnbc9-350t.jpg","name":"dragon_emerges_by_1012630_dcxnbc9-350t","width":229,"height":350,"thumbnail":{"url":"np://user.desktop.nicepage.com/Site_96514320/images/thumbnails/dragon_emerges_by_1012630_dcxnbc9-350t.jpg","width":164,"height":250},"folderId":null,"usages":["158154281"]},{"id":"user-image-tapia_kitt_003_by_1012630_dc54dkj-350t.jpg","publicUrl":"np://user.desktop.nicepage.com/Site_96514320/images/tapia_kitt_003_by_1012630_dc54dkj-350t.jpg","size":18299,"hash":"LOWTjP2jMCsUYSgSq+me4k1fXFY=","fileName":"tapia_kitt_003_by_1012630_dc54dkj-350t.jpg","name":"tapia_kitt_003_by_1012630_dc54dkj-350t","width":263,"height":350,"thumbnail":{"url":"np://user.desktop.nicepage.com/Site_96514320/images/thumbnails/tapia_kitt_003_by_1012630_dc54dkj-350t.jpg","width":188,"height":250},"folderId":null,"usages":["158154281"]},{"id":"user-image-back_pains_by_1012630_dc54ps0-350t.jpg","publicUrl":"np://user.desktop.nicepage.com/Site_96514320/images/back_pains_by_1012630_dc54ps0-350t.jpg","size":31530,"hash":"l1gI9n5c82F7rmSgR/lb9MHAQ1A=","fileName":"back_pains_by_1012630_dc54ps0-350t.jpg","name":"back_pains_by_1012630_dc54ps0-350t","width":622,"height":350,"thumbnail":{"url":"np://user.desktop.nicepage.com/Site_96514320/images/thumbnails/back_pains_by_1012630_dc54ps0-350t.jpg","width":250,"height":141},"folderId":null,"usages":["158154281"]},{"id":"user-image-untitled_by_1012630_dc54eoh-350t.jpg","publicUrl":"np://user.desktop.nicepage.com/Site_96514320/images/untitled_by_1012630_dc54eoh-350t.jpg","size":17872,"hash":"PhZQHuLCRTZDs4Bmx04Jt4gTuJ8=","fileName":"untitled_by_1012630_dc54eoh-350t.jpg","name":"untitled_by_1012630_dc54eoh-350t","width":174,"height":350,"thumbnail":{"url":"np://user.desktop.nicepage.com/Site_96514320/images/thumbnails/untitled_by_1012630_dc54eoh-350t.jpg","width":124,"height":250},"folderId":null,"usages":["158154281"]},{"id":"user-image-untitled_by_1012630_dc54fs6-350t.jpg","publicUrl":"np://user.desktop.nicepage.com/Site_96514320/images/untitled_by_1012630_dc54fs6-350t.jpg","size":26481,"hash":"pdhUAK7uFZvRVt+VMdEZwMpjF0o=","fileName":"untitled_by_1012630_dc54fs6-350t.jpg","name":"untitled_by_1012630_dc54fs6-350t","width":197,"height":350,"thumbnail":{"url":"np://user.desktop.nicepage.com/Site_96514320/images/thumbnails/untitled_by_1012630_dc54fs6-350t.jpg","width":141,"height":250},"folderId":null,"usages":["158154281"]},{"id":"user-image-doom_mod_happy_meals__by_1012630_dgct7mg-fullview.jpg","publicUrl":"np://user.desktop.nicepage.com/Site_96514320/images/doom_mod_happy_meals__by_1012630_dgct7mg-fullview.jpg","size":24082,"hash":"3uIRWeMAkxno170wpJShZNSR40E=","fileName":"doom_mod_happy_meals__by_1012630_dgct7mg-fullview.jpg","name":"doom_mod_happy_meals__by_1012630_dgct7mg-fullview","width":274,"height":346,"thumbnail":{"url":"np://user.desktop.nicepage.com/Site_96514320/images/thumbnails/doom_mod_happy_meals__by_1012630_dgct7mg-fullview.jpg","width":198,"height":250},"folderId":null,"usages":["158154281"]},{"id":"user-image-dantes_cross_contour__by_1012630_dgz7o1q-414w.jpg","publicUrl":"np://user.desktop.nicepage.com/Site_96514320/images/dantes_cross_contour__by_1012630_dgz7o1q-414w.jpg","size":36676,"hash":"TSEcPEB4COGh2/gJ7O0HZokmijg=","fileName":"dantes_cross_contour__by_1012630_dgz7o1q-414w.jpg","name":"dantes_cross_contour__by_1012630_dgz7o1q-414w","width":414,"height":310,"thumbnail":{"url":"np://user.desktop.nicepage.com/Site_96514320/images/thumbnails/dantes_cross_contour__by_1012630_dgz7o1q-414w.jpg","width":250,"height":187},"folderId":null,"usages":["158154281","1178002059"]},{"id":"user-image-untitled_by_1012630_dc54eo0-414w-2x.jpg","publicUrl":"np://user.desktop.nicepage.com/Site_96514320/images/untitled_by_1012630_dc54eo0-414w-2x.jpg","size":205486,"hash":"Yvqltmrt2pwYtOO7vn7Qk83C3nc=","fileName":"untitled_by_1012630_dc54eo0-414w-2x.jpg","name":"untitled_by_1012630_dc54eo0-414w-2x","width":828,"height":1104,"thumbnail":{"url":"np://user.desktop.nicepage.com/Site_96514320/images/thumbnails/untitled_by_1012630_dc54eo0-414w-2x.jpg","width":188,"height":250},"folderId":null,"usages":["158154281","139390119"]},{"id":"user-image-untitled_by_1012630_dc54fpy-414w-2x.jpg","publicUrl":"np://user.desktop.nicepage.com/Site_96514320/images/untitled_by_1012630_dc54fpy-414w-2x.jpg","size":154166,"hash":"HIm9kbim2jtZKrMiUbE/YHCk+gE=","fileName":"untitled_by_1012630_dc54fpy-414w-2x.jpg","name":"untitled_by_1012630_dc54fpy-414w-2x","width":828,"height":1104,"thumbnail":{"url":"np://user.desktop.nicepage.com/Site_96514320/images/thumbnails/untitled_by_1012630_dc54fpy-414w-2x.jpg","width":188,"height":250},"folderId":null,"usages":["1178002059"]},{"id":"user-image-screaming_lost_soul__doom_enemy_by_1012630_dcxn9xv-414w-2x.jpg","publicUrl":"np://user.desktop.nicepage.com/Site_96514320/images/screaming_lost_soul__doom_enemy_by_1012630_dcxn9xv-414w-2x.jpg","size":184917,"hash":"t0HONhFVTs0+buwjBjZKjhJIlNk=","fileName":"screaming_lost_soul__doom_enemy_by_1012630_dcxn9xv-414w-2x.jpg","name":"screaming_lost_soul__doom_enemy_by_1012630_dcxn9xv-414w-2x","width":827,"height":1426,"thumbnail":{"url":"np://user.desktop.nicepage.com/Site_96514320/images/thumbnails/screaming_lost_soul__doom_enemy_by_1012630_dcxn9xv-414w-2x.jpg","width":145,"height":250},"folderId":null,"usages":["158154281","72880344"]},{"id":"user-image-result-8y3eOzN17V.png","publicUrl":"np://user.desktop.nicepage.com/Site_96514320/images/result-8y3eOzN17V.png","size":1095732,"hash":"o78fgK9zFtMO6kPVt15smWLD28g=","fileName":"result-8y3eOzN17V.png","name":"result-8y3eOzN17V","width":1344,"height":768,"thumbnail":{"url":"np://user.desktop.nicepage.com/Site_96514320/images/thumbnails/result-8y3eOzN17V.png","width":250,"height":143},"folderId":null,"usages":["158154281"]},{"id":"user-image-nn.jpg","publicUrl":"np://user.desktop.nicepage.com/Site_96514320/images/nn.jpg","size":23893,"hash":"6FMOGPZSsxyq9eEVf1QiJDxCv0s=","fileName":"nn.jpg","name":"nn","width":1920,"height":1048,"thumbnail":{"url":"np://user.desktop.nicepage.com/Site_96514320/images/thumbnails/nn.jpg","width":250,"height":136},"folderId":null,"originalUrl":"//images01.nicepagecdn.com/c461c07a441a5d220e8feb1a/59e77454574e5ea8be4caced/nn.jpg","usages":["158154281"]}]