[{"id":251225548,"title":"Blog Template","order":1,"templateKey":"blog","customTemplate":false,"customTemplateFilename":null,"pageLinks":["3"],"dateCreated":"2024-11-20T23:42:50.381Z","dateUpdated":"2024-11-22T00:08:09.387Z","folderId":null,"pageName":"Blog Template","serverPageId":null,"sectionCount":1,"status":2,"backwardUrl":null},{"id":31691971,"title":"Post Template","order":2,"templateKey":"post","customTemplate":false,"customTemplateFilename":null,"pageLinks":[],"dateCreated":"2024-11-20T23:42:50.508Z","dateUpdated":"2024-11-21T07:00:18.130Z","folderId":null,"pageName":"Post Template","serverPageId":null,"sectionCount":1,"status":2,"backwardUrl":null},{"id":468320493,"title":"Product List Template","order":3,"templateKey":"products","customTemplate":false,"customTemplateFilename":null,"pageLinks":[],"dateCreated":"2024-11-20T23:42:51.185Z","dateUpdated":"2024-11-21T07:00:20.877Z","folderId":null,"pageName":"Product List Template","serverPageId":null,"sectionCount":1,"status":2,"backwardUrl":null},{"id":58948340,"title":"Product Details Template","order":4,"templateKey":"product","customTemplate":false,"customTemplateFilename":null,"pageLinks":[],"dateCreated":"2024-11-20T23:42:51.306Z","dateUpdated":"2024-11-21T07:00:24.818Z","folderId":null,"pageName":"Product Details Template","serverPageId":null,"sectionCount":1,"status":2,"backwardUrl":null},{"id":228811597,"title":"Shopping Cart Template","order":5,"templateKey":"cart","customTemplate":false,"customTemplateFilename":null,"pageLinks":[],"dateCreated":"2024-11-20T23:42:51.416Z","dateUpdated":"2024-11-20T23:42:52.294Z","folderId":null,"pageName":"Shopping Cart Template","serverPageId":null,"sectionCount":1,"status":2,"backwardUrl":null},{"id":389515744,"title":"Checkout Template","order":6,"templateKey":"checkout","customTemplate":false,"customTemplateFilename":null,"pageLinks":[],"dateCreated":"2024-11-20T23:42:51.548Z","dateUpdated":"2024-11-20T23:42:52.294Z","folderId":null,"pageName":"Checkout Template","serverPageId":null,"sectionCount":1,"status":2,"backwardUrl":null},{"id":136827407,"title":"Login Template","order":7,"templateKey":"login","customTemplate":false,"customTemplateFilename":null,"pageLinks":[],"dateCreated":"2024-11-20T23:42:51.645Z","dateUpdated":"2024-11-21T07:00:37.163Z","folderId":null,"pageName":"Login Template","serverPageId":null,"sectionCount":1,"status":2,"backwardUrl":null},{"id":2224100431,"title":"Search Page Template","order":8,"templateKey":"Search","customTemplate":false,"customTemplateFilename":null,"pageLinks":[],"dateCreated":"2024-11-20T23:42:51.712Z","dateUpdated":"2024-11-20T23:42:52.294Z","folderId":null,"pageName":"Search Page Template","serverPageId":null,"sectionCount":1,"status":2,"backwardUrl":null},{"id":272768260,"title":"Page Password Template","order":9,"templateKey":"password","customTemplate":false,"customTemplateFilename":null,"pageLinks":[],"dateCreated":"2024-11-20T23:42:51.779Z","dateUpdated":"2024-11-20T23:42:52.294Z","folderId":null,"pageName":"Page Password Template","serverPageId":null,"sectionCount":1,"status":2,"backwardUrl":null},{"id":294706288,"title":"404 Not Found Template","order":10,"templateKey":"404","customTemplate":false,"customTemplateFilename":null,"pageLinks":[],"dateCreated":"2024-11-20T23:42:51.838Z","dateUpdated":"2024-11-20T23:42:52.294Z","folderId":null,"pageName":"404 Not Found Template","serverPageId":null,"sectionCount":1,"status":2,"backwardUrl":null},{"id":1440015347,"title":"Thank You Page Template","order":11,"templateKey":"ThankYou","customTemplate":false,"customTemplateFilename":null,"pageLinks":[],"dateCreated":"2024-11-20T23:42:51.893Z","dateUpdated":"2024-11-20T23:42:52.294Z","folderId":null,"pageName":"Thank You Page Template","serverPageId":null,"sectionCount":1,"status":2,"backwardUrl":null},{"id":158154281,"title":"Home","order":103,"templateKey":null,"customTemplate":false,"customTemplateFilename":null,"pageLinks":["139390119","778627789","72880344","158154281"],"dateCreated":"2024-11-20T23:57:35.283Z","dateUpdated":"2024-11-26T00:57:31.234Z","folderId":null,"pageName":"Home_158154281","serverPageId":null,"sectionCount":4,"status":2,"backwardUrl":null},{"id":1178002059,"title":"About Me","order":104,"templateKey":null,"customTemplate":false,"customTemplateFilename":null,"pageLinks":[],"dateCreated":"2024-11-21T04:26:58.311Z","dateUpdated":"2024-11-26T00:57:16.428Z","folderId":null,"pageName":"About Me_1178002059","serverPageId":null,"sectionCount":5,"status":2,"backwardUrl":null},{"id":778627789,"title":"Sketches","order":105,"templateKey":null,"customTemplate":false,"customTemplateFilename":null,"pageLinks":[],"dateCreated":"2024-11-21T04:51:34.515Z","dateUpdated":"2024-11-21T06:58:21.018Z","folderId":null,"pageName":"Sketches_778627789","serverPageId":null,"sectionCount":4,"status":2,"backwardUrl":null},{"id":72880344,"title":"Tattoos","order":106,"templateKey":null,"customTemplate":false,"customTemplateFilename":null,"pageLinks":[],"dateCreated":"2024-11-21T05:17:21.404Z","dateUpdated":"2024-11-21T06:58:10.294Z","folderId":null,"pageName":"Tattoos_72880344","serverPageId":null,"sectionCount":4,"status":2,"backwardUrl":null},{"id":139390119,"title":"Paintings","order":107,"templateKey":null,"customTemplate":false,"customTemplateFilename":null,"pageLinks":[],"dateCreated":"2024-11-21T05:17:38.369Z","dateUpdated":"2024-11-21T06:58:26.740Z","folderId":null,"pageName":"Paintings_139390119","serverPageId":null,"sectionCount":3,"status":2,"backwardUrl":null},{"id":432919464,"title":"Blog","order":108,"templateKey":null,"customTemplate":false,"customTemplateFilename":null,"pageLinks":["15","14","13","892616763"],"dateCreated":"2024-11-22T00:10:41.702Z","dateUpdated":"2024-11-22T00:57:29.437Z","folderId":null,"pageName":"Blog_432919464","serverPageId":null,"sectionCount":2,"status":2,"backwardUrl":null},{"id":892616763,"title":"LegacyPosts","order":109,"templateKey":null,"customTemplate":false,"customTemplateFilename":null,"pageLinks":[],"dateCreated":"2024-11-22T00:17:17.831Z","dateUpdated":"2024-11-22T00:54:48.957Z","folderId":null,"pageName":"LegacyPosts_892616763","serverPageId":null,"sectionCount":2,"status":2,"backwardUrl":null},{"id":351516921,"title":"Contact and Bookings","order":110,"templateKey":null,"customTemplate":false,"customTemplateFilename":null,"pageLinks":[],"dateCreated":"2024-11-26T00:27:11.123Z","dateUpdated":"2024-11-26T01:00:17.193Z","folderId":null,"pageName":"Contact and Bookings_351516921","serverPageId":null,"sectionCount":6,"status":2,"backwardUrl":null},{"id":44156847,"title":"Page 1","order":111,"templateKey":null,"customTemplate":false,"customTemplateFilename":null,"pageLinks":[],"dateCreated":"2024-11-26T01:00:16.818Z","dateUpdated":"2024-11-26T01:01:57.903Z","folderId":null,"pageName":"Page 1_44156847","serverPageId":null,"sectionCount":1,"status":2,"backwardUrl":null}]